src,tgt
How can we determine if there are any two numbers in a list that are closer to each other than a specified threshold?,"How to solve:
Step 1. Iterate through each number in the list.
Step 2. For each number, iterate through the remaining numbers in the list.
    -Calculate the absolute difference between the current number and each remaining number.
    -If the absolute difference is less than the threshold, return True.
Step 3. If no two numbers are found to be closer than the threshold, return False."
"How can we separate multiple groups of nested parentheses in a string and return them as separate strings, ensuring that each group is balanced and not nested within each other?","How to solve:
Step 1. Initialize an empty list to store the separate groups of parentheses.
Step 2. Remove any spaces from the input string.
Step 3. Initialize an empty string to store the current group of parentheses.
Step 4. Initialize a counter variable to keep track of the number of open parentheses encountered.
Step 5. Iterate through each character in the input string.
    -If the character is an open parenthesis, increment the counter and add the character to the current group.
    -If the character is a closing parenthesis, decrement the counter and add the character to the current group.
    -If the counter becomes 0, it means the current group is complete. Add the current group to the list and reset the current group.
Step 6. Return the list of separate groups of parentheses."
How can we extract the decimal part of a positive floating point number in Python?,"How to solve:
Step 1. Convert the given number to a string.
Step 2. Split the string at the decimal point to get the integer part and decimal part.
Step 3. Convert the decimal part back to a float and return it."
How can we determine if the balance of a bank account falls below zero based on a list of deposit and withdrawal operations?,"How to solve:
Step 1. Initialize account balance as 0.
Step 2. Iterate through operations.
    - Add value to account balance.
    - If account balance < 0, return True.
Step 3. Return False."
How can we calculate the Mean Absolute Deviation for a list of input numbers based on the average absolute difference from the mean of the dataset?,"How to solve:
Step 1. Calculate the mean of the input numbers.
Step 2. Initialize a variable to keep track of the sum of absolute differences.
Step 3. Iterate through the input numbers.
    -Calculate the absolute difference between each number and the mean.
    -Add the absolute difference to the sum of absolute differences.
Step 4. Calculate the mean absolute deviation by dividing the sum of absolute differences by the number of input numbers.
Step 5. Return the mean absolute deviation."
How can we modify the function to insert a specified number between every two consecutive elements of the input list?,"How to solve:
Step 1. Initialize an empty list called `result`.
Step 2. Iterate through the elements in `numbers`.
    -Append the current element to `result`.
    -If the current element is not the last element in `numbers`, append `delimeter` to `result`.
Step 3. Return `result`."
How can we determine the maximum level of nesting of parentheses in a given string that represents multiple groups of nested parentheses separated by spaces?,"How to solve:
Step 1. Initialize an empty list to store the deepest level of nesting for each group.
Step 2. Split the input string by spaces to get individual groups.
Step 3. Iterate through each group.
    - Initialize a counter variable to keep track of the current level of nesting.
    - Iterate through each character in the group.
        - If the character is '(', increment the counter.
        - If the character is ')', decrement the counter.
        - Update the maximum level of nesting encountered so far.
    - Append the maximum level of nesting to the list.
Step 4. Return the list of maximum levels of nesting for each group."
How can we modify the function to filter an input list of strings only for ones that contain a specific substring?,"How to solve:
Step 1. Initialize an empty list called ""filtered_strings"".
Step 2. Iterate through each string in the input list ""strings"".
    -If the substring is found in the string, add the string to the ""filtered_strings"" list.
Step 3. Return the ""filtered_strings"" list."
"How can we create a function that takes a list of integers and returns a tuple with the sum and product of the integers in the list, ensuring that an empty list returns a sum of 0 and a product of 1?","How to solve:
Step 1. Initialize sum and product as 0 and 1 respectively.
Step 2. Iterate through numbers.
    -Add each number to sum.
    -Multiply each number to product.
Step 3. Return the tuple (sum, product)."
How can we create a list of rolling maximum elements from a given list of integers up to a certain point in the sequence?,"How to solve:
Step 1. Initialize an empty list to store the rolling maximum elements.
Step 2. Iterate through the given list of numbers.
    -For each number, find the maximum element in the sublist from the beginning of the list to the current index.
    -Append the maximum element to the rolling maximum list.
Step 3. Return the rolling maximum list."
Can you explain the process of finding the shortest palindrome that starts with a given string?,"How to solve:
Step 1. Check if the given string is equal to its reverse. If yes, return True. Otherwise, return False.

Step 2. To make a palindrome, find the longest palindromic suffix of the given string.

Step 3. Append the reverse of the prefix that comes before the palindromic suffix to the end of the string.

Step 4. Return the resulting palindrome string."
How can we perform binary XOR on two strings consisting only of 1s and 0s and return the result as a string?,"How to solve:
Step 1. Initialize an empty string to store the result.
Step 2. Iterate through the characters of strings a and b.
    -If the characters are the same, append '0' to the result string.
    -If the characters are different, append '1' to the result string.
Step 3. Return the result string."
"How can we modify the function to return the longest string from a list of strings, returning the first one in case of multiple strings of the same length and None if the input list is empty?","How to solve:
Step 1. Check if the input list is empty. If it is, return None.
Step 2. Initialize the longest string as the first string in the list.
Step 3. Iterate through the remaining strings in the list.
    -If the length of the current string is greater than the length of the longest string, update the longest string.
Step 4. Return the longest string."
How can we find the greatest common divisor of two integers a and b in Python?,"How to solve:
Step 1. Initialize a variable gcd as 1.
Step 2. Iterate from 1 to the minimum of a and b.
    -If both a and b are divisible by the current number, update gcd to the current number.
Step 3. Return gcd."
"How can we create a function that returns a list of all prefixes, from shortest to longest, of a given input string?","How to solve:
Step 1. Initialize an empty list to store the prefixes.
Step 2. Iterate through the input string.
    -At each iteration, append the substring from index 0 to the current index to the list of prefixes.
Step 3. Return the list of prefixes."
"How can we create a string that contains numbers separated by spaces, starting from 0 up to a given number n?","How to solve:
Step 1. Initialize an empty string.
Step 2. Iterate from 0 to n.
    -Convert each number to string and add it to the string.
    -Add a space after each number.
Step 3. Return the string."
"How many unique characters are in the given string, regardless of their case?","How to solve:
Step 1. Initialize an empty set to store distinct characters.
Step 2. Iterate through each character in the string.
    -Convert the character to lowercase.
    -Add the lowercase character to the set.
Step 3. Return the length of the set."
How can I create a function that takes a string representing musical notes in a special ASCII format and returns a list of integers indicating the duration of each note in beats?,"How to solve:
Step 1. Initialize an empty list to store the durations of the notes.
Step 2. Iterate through each character in the music string.
    - If the character is 'o', append 4 to the list.
    - If the character is 'o|', append 2 to the list.
    - If the character is '.|', append 1 to the list.
Step 3. Return the list of note durations."
"How can we determine the number of times a specific substring appears in a given string, including overlapping occurrences?","How to solve:
Step 1. Initialize a counter variable to 0.
Step 2. Iterate through the original string using a sliding window of length equal to the length of the substring.
    -If the substring is found in the current window, increment the counter by 1.
Step 3. Return the counter value."
How can we create a function that takes a space-delimited string of numbers spelled out from 'zero' to 'nine' and returns the string with the numbers sorted from smallest to largest?,"How to solve:
Step 1. Create a dictionary to map numberals to their corresponding numerical values.
Step 2. Split the input string into a list of numberals.
Step 3. Convert each numberal to its numerical value using the dictionary.
Step 4. Sort the list of numerical values.
Step 5. Convert each numerical value back to its corresponding numberal using the dictionary.
Step 6. Join the sorted numberals into a string and return it."
"How can we find and return two numbers from a list that are closest to each other, ensuring the list has at least two numbers?","How to solve:
Step 1. Initialize variables closest_pair and min_diff as None and infinity respectively.
Step 2. Iterate through the list of numbers.
    -For each number, iterate through the remaining numbers.
        -Calculate the absolute difference between the current number and the remaining number.
        -If the absolute difference is smaller than min_diff, update min_diff and closest_pair.
Step 3. Return closest_pair."
How can we apply a linear transform to a list of numbers to ensure that the smallest number becomes 0 and the largest number becomes 1?,"How to solve:
Step 1. Find the minimum and maximum values in the list of numbers.
Step 2. Calculate the range of the numbers (max - min).
Step 3. Iterate through the numbers and apply the linear transform:
    - Subtract the minimum value from each number.
    - Divide the result by the range.
Step 4. Return the transformed list of numbers."
How can we modify the function to filter a list of any Python values to only include integers?,"How to solve:
Step 1. Initialize an empty list called ""integers"".
Step 2. Iterate through each value in the given list.
    -If the value is an integer, append it to the ""integers"" list.
Step 3. Return the ""integers"" list."
How can we determine the length of a given string in Python?,"How to solve:
Step 1. Initialize a variable ""length"" as 0.
Step 2. Iterate through each character in the string.
    -Increment ""length"" by 1 for each character.
Step 3. Return ""length""."
"How can we find the largest number that evenly divides a given number n, which is smaller than n?","How to solve:
Step 1. Initialize largest_divisor as 1.
Step 2. Iterate from 2 to n-1.
    -If n is divisible by the current number, update largest_divisor to the current number.
Step 3. Return largest_divisor."
"How can we create a function that returns a list of prime factors of a given integer in ascending order, with each factor listed the number of times it appears in the factorization?","How to solve:
Step 1. Initialize an empty list to store the prime factors.
Step 2. Iterate from 2 to the square root of n.
    -If n is divisible by i, divide n by i and append i to the list of prime factors.
    -Repeat this step until n is no longer divisible by i.
Step 3. If n is greater than 1, append n to the list of prime factors.
Step 4. Return the list of prime factors."
How can we modify a list of integers to remove any elements that occur more than once while maintaining the original order of elements?,"How to solve:
Step 1. Initialize an empty list called ""result"".
Step 2. Iterate through each number in the input list.
    -If the number is not already in the ""result"" list, add it.
Step 3. Return the ""result"" list."
How can we create a function that changes the case of each character in a given string?,"How to solve:
Step 1. Initialize an empty string called ""result"".
Step 2. Iterate through each character in the input string.
    -If the character is lowercase, convert it to uppercase and add it to ""result"".
    -If the character is uppercase, convert it to lowercase and add it to ""result"".
    -If the character is neither lowercase nor uppercase, add it to ""result"" as is.
Step 3. Return the ""result"" string."
How can we combine a list of strings into one single string?,"How to solve:
Step 1. Initialize an empty string.
Step 2. Iterate through the list of strings.
    -Concatenate each string to the empty string.
Step 3. Return the concatenated string."
How can we modify the function to only include strings that start with a specific prefix in the input list?,"How to solve:
Step 1. Initialize an empty list called filtered_strings.
Step 2. Iterate through each string in the input list.
    -If the string starts with the given prefix, add it to the filtered_strings list.
Step 3. Return the filtered_strings list."
How can we filter out only the positive numbers from a given list?,"How to solve:
Step 1. Initialize an empty list called ""result"".
Step 2. Iterate through each element in the input list.
    -If the element is greater than 0, append it to the ""result"" list.
Step 3. Return the ""result"" list."
How can we determine if a given number is prime or not?,"How to solve:
Step 1. Check if n is less than 2. If so, return False.
Step 2. Iterate from 2 to the square root of n.
    -If n is divisible by any number in this range, return False.
Step 3. If the loop completes without finding a divisor, return True."
How can we evaluate a polynomial with coefficients xs at a given point x using the poly function?,"How to solve:
Step 1. Define a function poly(xs, x) that evaluates a polynomial with coefficients xs at a point x.
    - Initialize a variable sum to 0.
    - Iterate through the coefficients xs.
        - Multiply each coefficient by x raised to the power of its index.
        - Add the result to the sum.
    - Return the sum.
    
Step 2. Define a function find_zero(xs) that finds a zero point of a polynomial with coefficients xs.
    - Check if the length of xs is even.
    - Find the largest non-zero coefficient in xs.
    - Return the negative value of the largest non-zero coefficient."
"How can we create a new list from an existing list where the values at indices divisible by three are sorted, while the values at other indices remain unchanged?","How to solve:
Step 1. Initialize an empty list l'.
Step 2. Iterate through the indices of list l.
    -If the index is not divisible by three, append the value at that index to l'.
    -If the index is divisible by three, append the sorted values of the corresponding indices to l'.
Step 3. Return l'."
How can we create a function that returns the sorted unique elements in a list?,"How to solve:
Step 1. Convert the list to a set to remove duplicates.
Step 2. Convert the set back to a list.
Step 3. Sort the list.
Step 4. Return the sorted list."
How can we find the largest element in a given list?,"How to solve:
Step 1. Initialize max_element as the first element of the list.
Step 2. Iterate through the list.
    -If current element is greater than max_element, update max_element.
Step 3. Return max_element."
How many times does the digit 7 appear in integers less than n that are divisible by either 11 or 13?,"How to solve:
Step 1. Initialize a variable count as 0.
Step 2. Iterate through numbers from 1 to n-1.
    -If the number is divisible by 11 or 13 and contains the digit 7, increment count.
Step 3. Return count."
"How can we create a new list from an existing list where the values at odd indices remain the same, but the values at even indices are sorted?","How to solve:
Step 1. Initialize an empty list l'.
Step 2. Iterate through the even indices of list l.
    -Get the value at the current even index.
    -Sort the values at the even indices of list l.
    -Append the sorted value to list l'.
Step 3. Iterate through the odd indices of list l.
    -Get the value at the current odd index.
    -Append the value to list l'.
Step 4. Return list l'."
How can I implement a function that encodes a string by cycling groups of three characters and another function that decodes the encoded string?,"How to solve:
Step 1. Split the input string into groups of three characters.
Step 2. For each group, cycle the elements by moving the first element to the end.
Step 3. Join the groups back together to form the encoded string.
Step 4. To decode the string, reverse the process by moving the last element to the beginning of each group."
How can we create a function that returns the n-th number that is both a Fibonacci number and a prime number?,"How to solve:
Step 1. Initialize a counter variable to keep track of the number of prime Fibonacci numbers found.
Step 2. Initialize a variable to store the current Fibonacci number.
Step 3. Iterate through the Fibonacci sequence until the counter reaches n.
    - Calculate the next Fibonacci number.
    - Check if the current Fibonacci number is prime.
    - If it is prime, increment the counter.
Step 4. Return the last prime Fibonacci number found."
How can we determine if there are three distinct elements in a list of integers that sum to zero?,"How to solve:
Step 1. Iterate through each element in the list.
Step 2. For each element, iterate through the remaining elements.
Step 3. For each pair of elements, iterate through the remaining elements.
Step 4. Check if the sum of the three elements is zero.
    -If it is, return True.
Step 5. If no triplets sum to zero, return False."
How can we calculate the number of collisions between cars moving in opposite directions on an infinitely long straight road?,"How to solve:
Step 1. Initialize a variable ""collisions"" as 0.
Step 2. Iterate from 1 to n.
    -For each iteration, add i to ""collisions"".
Step 3. Return ""collisions""."
How can we create a function that takes a list as input and returns a new list with each element incremented by 1?,"How to solve:
Step 1. Initialize an empty list.
Step 2. Iterate through each element in the input list.
    -Increment each element by 1.
    -Append the incremented element to the new list.
Step 3. Return the new list."
"Can you provide an explanation of the function pairs_sum_to_zero(l) that takes a list of integers as input and returns True if there are two distinct elements in the list that sum to zero, and False otherwise?","How to solve:
Step 1. Iterate through each element in the list.
Step 2. For each element, iterate through the remaining elements in the list.
    -If the sum of the current element and the remaining element is zero, return True.
Step 3. If no pair of elements sum to zero, return False."
"How can we modify the numerical base of the input number x to a different base, with base numbers less than 10, and return the string representation after the conversion?","How to solve:
Step 1. Initialize an empty string to store the converted number.
Step 2. While x is greater than 0, do the following:
    -Get the remainder of x divided by base.
    -Convert the remainder to a string and add it to the front of the converted number string.
    -Update x to be the result of integer division of x by base.
Step 3. Return the converted number string."
How can we calculate the area of a triangle using the length of one side and the height?,"How to solve:
Step 1. Calculate the area of the triangle using the formula: area = (base * height) / 2.
Step 2. Return the calculated area."
How can we efficiently compute the n-th element of the Fib4 number sequence without using recursion?,"How to solve:
Step 1. Initialize a list called ""fib4_sequence"" with the first four elements [0, 0, 2, 0].
Step 2. Iterate from 4 to n (inclusive).
    -Compute the next element of the sequence by summing the previous four elements.
    -Append the computed element to the ""fib4_sequence"" list.
Step 3. Return the n-th element of the ""fib4_sequence"" list."
How can we calculate the median of elements in a given list?,"How to solve:
Step 1. Sort the list l in ascending order.
Step 2. If the length of l is odd, return the middle element.
Step 3. If the length of l is even, return the average of the two middle elements."
How can we determine if a given string is a palindrome?,"How to solve:
Step 1. Initialize two pointers, one at the beginning of the string and one at the end of the string.
Step 2. Iterate until the two pointers meet or cross each other.
    -If the characters at the two pointers are not equal, return False.
    -Move the first pointer one step forward and the second pointer one step backward.
Step 3. If the loop completes without returning False, return True."
How can we calculate the result of 2 raised to the power of n modulo p in a safe manner considering numerical limitations?,"How to solve:
Step 1. Calculate 2^n modulo p using the pow() function.
Step 2. Return the result."
"How can I create a function that encodes a string by shifting every character by 5 in the alphabet, and another function that decodes the encoded string?","How to solve:
Step 1. Initialize an empty string to store the decoded string.
Step 2. Iterate through each character in the input string.
    -Convert the character to its ASCII value.
    -Subtract the ASCII value of ""a"" from the character's ASCII value.
    -Add 5 to the result.
    -Take the modulus of the result with 26.
    -Add the ASCII value of ""a"" to the result.
    -Convert the result back to a character.
    -Append the character to the decoded string.
Step 3. Return the decoded string."
How can we create a function that removes vowels from a given string?,"How to solve:
Step 1. Initialize an empty string called ""result"".
Step 2. Iterate through each character in the input string.
    -If the character is a vowel, skip it.
    -Otherwise, add it to the ""result"" string.
Step 3. Return the ""result"" string."
How can we determine if all numbers in a given list are below a certain threshold?,"How to solve:
Step 1. Iterate through each number in the list l.
Step 2. If any number is greater than or equal to the threshold t, return False.
Step 3. If all numbers are below the threshold, return True."
How can we create a function that adds two numbers together in Python?,"How to solve:
Step 1. Add x and y.
Step 2. Return the sum."
How can we determine if two words contain the same characters?,"How to solve:
Step 1. Convert both strings to sets to remove duplicate characters.
Step 2. Sort both sets.
Step 3. If the sorted sets are equal, return True. Otherwise, return False."
How can we create a function in Python that returns the n-th Fibonacci number?,"How to solve:
Step 1. If n is 0 or 1, return n.
Step 2. Initialize variables a and b as 0 and 1.
Step 3. Iterate from 2 to n.
    -Set a to b and b to a+b.
Step 4. Return b."
"How can we ensure that every opening bracket in a string of ""<"" and "">"" has a corresponding closing bracket?","How to solve:
Step 1. Initialize a stack to keep track of opening brackets.
Step 2. Iterate through each character in the brackets string.
    -If the character is an opening bracket (""<""), push it onto the stack.
    -If the character is a closing bracket ("">""):
        -If the stack is empty, return False (no corresponding opening bracket).
        -Pop the top element from the stack.
Step 3. After iterating through all characters, if the stack is empty, return True (all opening brackets have corresponding closing brackets).
    -Otherwise, return False (there are opening brackets without corresponding closing brackets)."
How can we determine if the elements in a list are monotonically increasing or decreasing?,"How to solve:
Step 1. Initialize a variable `increasing` as True and `decreasing` as True.
Step 2. Iterate through the list starting from the second element.
    - If the current element is greater than the previous element, set `decreasing` to False.
    - If the current element is less than the previous element, set `increasing` to False.
    - If both `increasing` and `decreasing` are False, return False.
Step 3. If `increasing` is True or `decreasing` is True, return True. Otherwise, return False."
How can we find the sorted unique common elements between two lists in Python?,"How to solve:
Step 1. Initialize an empty list to store common elements.
Step 2. Iterate through each element in l1.
    -If the element is also in l2 and not already in the common list, add it to the common list.
Step 3. Sort the common list.
Step 4. Return the common list."
"How can we find the largest prime factor of a given number n, assuming that n is greater than 1 and is not a prime number?","How to solve:
Step 1. Initialize a variable largest_prime as 2.
Step 2. Iterate from 2 to the square root of n.
    -If n is divisible by the current number, update largest_prime to the current number.
    -Divide n by the current number until it is no longer divisible.
Step 3. Return largest_prime."
Can you explain how the function sum_to_n works?,"How to solve:
Step 1. Initialize a variable sum as 0.
Step 2. Iterate through numbers from 1 to n.
    -Add each number to sum.
Step 3. Return sum."
How can we ensure that every opening bracket in a given string has a corresponding closing bracket?,"How to solve:
Step 1. Initialize a stack to keep track of opening brackets.
Step 2. Iterate through each character in the brackets string.
    -If the character is an opening bracket, push it onto the stack.
    -If the character is a closing bracket, check if the stack is empty or if the top of the stack is not the corresponding opening bracket. If either condition is true, return False.
    -If the character is neither an opening nor closing bracket, continue to the next character.
Step 3. After iterating through all characters, check if the stack is empty. If it is, return True. Otherwise, return False."
How can we calculate the derivative of a polynomial represented by a list of coefficients in Python?,"How to solve:
Step 1. Initialize an empty list to store the derivative coefficients.
Step 2. Iterate through the coefficients in xs.
    - Multiply each coefficient by its corresponding power of x.
    - Subtract 1 from the power of x.
    - Append the result to the derivative coefficients list.
Step 3. Return the derivative coefficients list."
"Can you provide a function to efficiently compute the n-th element of the FibFib number sequence, which is similar to the Fibonacci sequence?","How to solve:
Step 1. Define the base cases:
    -fibfib(0) = 0
    -fibfib(1) = 0
    -fibfib(2) = 1
Step 2. If n is less than or equal to 2, return the corresponding base case value.
Step 3. Initialize a list to store the fibfib values.
Step 4. Iterate from 3 to n+1:
    -Compute the fibfib value using the formula: fibfib(n) = fibfib(n-1) + fibfib(n-2) + fibfib(n-3).
    -Append the computed value to the list.
Step 5. Return the last element of the list, which is the n-th element of the fibfib sequence."
"How can we create a function that counts the number of vowels in a given word, considering 'y' as a vowel only when it is at the end of the word?","How to solve:
Step 1. Initialize a variable count as 0.
Step 2. Iterate through each character in the string.
    -If the character is 'a', 'e', 'i', 'o', 'u', or 'y' (only at the end of the word), increment count by 1.
Step 3. Return count."
How can we create a function that shifts the digits of an integer to the right by a specified amount and returns the result as a string?,"How to solve:
Step 1. Convert the integer x to a string.
Step 2. Calculate the number of digits in x.
Step 3. If shift is greater than the number of digits, reverse the string and return it.
Step 4. Otherwise, shift the digits of the string to the right by shift positions.
Step 5. Return the shifted string."
Can you provide a function that takes a string as input and returns the sum of the ASCII codes of the uppercase characters only?,"How to solve:
Step 1. Initialize a variable sum as 0.
Step 2. Iterate through each character in the string.
    -If the character is an uppercase letter, add its ASCII code to sum.
Step 3. Return the value of sum."
"Can you provide a function that takes a string representing the total number of apples and oranges in a fruit basket, along with an integer representing the total number of fruits in the basket, and returns the number of mango fruits in the basket?","How to solve:
Step 1. Initialize a variable to count the number of mango fruits as 0.
Step 2. Iterate through each character in the string.
    -If the character is 'm', increment the count of mango fruits by 1.
Step 3. Return the count of mango fruits."
"How can we create a function that takes an array representing a branch of a tree with non-negative integer nodes and returns the node with the smallest even value, along with its index?","How to solve:
Step 1. Initialize smallest_even as None and smallest_even_index as None.
Step 2. Iterate through the array.
    -If the current element is even:
        -If smallest_even is None or the current element is smaller than smallest_even:
            -Update smallest_even to the current element.
            -Update smallest_even_index to the current index.
Step 3. If smallest_even is None, return an empty list.
Step 4. Otherwise, return [smallest_even, smallest_even_index]."
"How can I find the greatest positive integer in a non-empty list that has a frequency greater than or equal to the value of the integer itself? If no such integer exists, what should be returned?","How to solve:
Step 1. Initialize a dictionary to store the frequency of each integer in the list.
Step 2. Iterate through the list and update the frequency dictionary.
Step 3. Iterate through the frequency dictionary and find the greatest integer that has a frequency greater than or equal to the value of the integer itself.
Step 4. If such an integer is found, return it. Otherwise, return -1."
Can you explain how the strange sorting algorithm works for a list of integers?,"How to solve:
Step 1. Sort the list in ascending order.
Step 2. Initialize an empty result list.
Step 3. Iterate through the sorted list.
    -If the index is even, append the minimum value to the result list.
    -If the index is odd, append the maximum value to the result list.
Step 4. Return the result list."
How can we calculate the area of a triangle if we are given the lengths of its three sides?,"How to solve:
Step 1. Check if the sum of any two sides is greater than the third side.
    -If not, return -1.
Step 2. Calculate the semi-perimeter of the triangle using the formula:
    semi_perimeter = (a + b + c) / 2
Step 3. Calculate the area of the triangle using the formula:
    area = sqrt(semi_perimeter * (semi_perimeter - a) * (semi_perimeter - b) * (semi_perimeter - c))
Step 4. Round the area to 2 decimal points.
Step 5. Return the area."
Can you write a function that determines if an object is balanced and within a certain weight limit in order to determine if it will fly?,"How to solve:
Step 1. Check if q is a palindromic list.
Step 2. Calculate the sum of elements in q.
Step 3. Check if the sum is less than or equal to w.
Step 4. If both conditions are true, return True. Otherwise, return False."
How can we determine the minimum number of elements that need to be changed in an array of integers to make it palindromic?,"How to solve:
Step 1. Initialize a variable count as 0.
Step 2. Initialize two pointers, left and right, pointing to the start and end of the array respectively.
Step 3. Iterate while left < right.
    -If arr[left] != arr[right], increment count by 1.
    -Move left pointer to the right and right pointer to the left.
Step 4. Return count."
"How can we write a function that compares the total number of characters in two lists of strings and returns the list with fewer characters, or the first list if they have the same number of characters?","How to solve:
Step 1. Initialize total_chars1 and total_chars2 as 0.
Step 2. Iterate through lst1 and lst2.
    -For each string in lst1, add the length of the string to total_chars1.
    -For each string in lst2, add the length of the string to total_chars2.
Step 3. Compare total_chars1 and total_chars2.
    -If total_chars1 < total_chars2, return lst1.
    -If total_chars1 > total_chars2, return lst2.
    -If total_chars1 == total_chars2, return lst1.
Step 4."
"Can you write a function that checks if a given number is the product of three prime numbers, returning true if it is and false if it is not? The number will be less than 100.","How to solve:
Step 1. Initialize a counter variable to keep track of the number of prime factors.
Step 2. Iterate through numbers from 2 to the square root of a.
    -If a is divisible by the current number, check if the current number is prime.
        -If the current number is prime, increment the counter variable.
        -If the counter variable is greater than or equal to 3, return True.
Step 3. If the counter variable is equal to 3, return True. Otherwise, return False."
Can you explain how the function is_simple_power determines if a number x is a simple power of n?,"How to solve:
Step 1. Iterate through integers i starting from 0.
Step 2. Calculate n raised to the power of i.
Step 3. If the result is equal to x, return True.
Step 4. If the result is greater than x, return False.
Step 5. Repeat steps 2-4 until the result is greater than x."
How can we write a function that determines if an integer is a cube of another integer?,"How to solve:
Step 1. Initialize a variable `i` as 1.
Step 2. Iterate while `i` cubed is less than or equal to `a`.
    -If `i` cubed is equal to `a`, return True.
    -Increment `i` by 1.
Step 3. Return False."
Write a function that takes a hexadecimal number as a string and counts the number of prime hexadecimal digits it contains.,"How to solve:
Step 1. Initialize a count variable as 0.
Step 2. Iterate through each character in the input string.
    -If the character is '2', '3', '5', '7', 'B', or 'D', increment the count variable.
Step 3. Return the count variable."
How can you convert a decimal number into binary format using a Python function?,"How to solve:
Step 1. Convert the decimal number to binary using the built-in bin() function.
Step 2. Remove the '0b' prefix from the binary representation.
Step 3. Add 'db' at the beginning and at the end of the binary string.
Step 4. Return the binary string."
Can you provide a function that checks if a given string meets the criteria of being happy?,"How to solve:
Step 1. Check if the length of the string is less than 3. If it is, return False.
Step 2. Iterate through the string starting from index 0 and ending at index len(s)-3.
    -Check if the current character and the next two characters are distinct. If they are not, return False.
Step 3. If the loop completes without returning False, return True."
How can I create a function that assigns letter grades to students based on their GPAs using the following table?,"How to solve:
Step 1. Initialize an empty list to store the letter grades.
Step 2. Iterate through each GPA in the input list.
Step 3. Use if-elif statements to determine the corresponding letter grade based on the GPA.
Step 4. Append the letter grade to the list of letter grades.
Step 5. Return the list of letter grades."
Can you write a function that checks if the length of a given string is a prime number?,"How to solve:
Step 1. Get the length of the string.
Step 2. Check if the length is a prime number.
    -If the length is less than or equal to 1, return False.
    -Iterate from 2 to the square root of the length.
        -If the length is divisible by any number in the range, return False.
    -If the length is not divisible by any number in the range, return True."
Can you provide a function that counts the number of n-digit positive integers that either start or end with the digit 1?,"How to solve:
Step 1. Initialize count as 0.
Step 2. Iterate through numbers from 1 to n.
    -If the number starts or ends with 1, increment count.
Step 3. Return count."
How can we calculate the total sum of the digits in binary for a positive integer N?,"How to solve:
Step 1. Convert the given positive integer N to binary.
Step 2. Initialize a variable sum_digits as 0.
Step 3. Iterate through each digit in the binary representation of N.
    -Add the digit to sum_digits.
Step 4. Return sum_digits."
How can we modify the function to add the even elements at odd indices in a non-empty list of integers?,"How to solve:
Step 1. Initialize a variable sum as 0.
Step 2. Iterate through the list starting from index 1 with a step of 2.
    -If the element at the current index is even, add it to the sum.
Step 3. Return the sum."
"Can you provide a function that takes a string and returns a new string where all the characters in each word are arranged in ascending order based on their ascii value, while keeping the order of words and spaces in the original sentence?","How to solve:
Step 1. Split the input string into a list of words.
Step 2. Iterate through the list of words.
    -Sort the characters in each word in ascending order based on ascii value.
    -Join the sorted characters back into a word.
Step 3. Join the list of words back into a string with spaces in between.
Step 4. Return the ordered version of the string."
"How can we create a function that takes a nested list and an integer as input, and returns a list of tuples containing the coordinates of the integer in the list, sorted by rows in ascending order and by columns in descending order?","How to solve:
Step 1. Initialize an empty list to store the coordinates.
Step 2. Iterate through each row in the given list.
    - Iterate through each element in the row.
        - If the element is equal to x, append the coordinate (row index, column index) to the list.
Step 3. Sort the list of coordinates by row index in ascending order.
Step 4. Sort the coordinates of each row by column index in descending order.
Step 5. Return the sorted list of coordinates."
"How can we sort an array of non-negative integers without modifying the original array, based on whether the sum of the first and last index values is odd or even?","How to solve:
Step 1. Create a copy of the given array.
Step 2. Calculate the sum of the first index value and the last index value of the array.
Step 3. If the sum is odd, sort the copied array in ascending order.
Step 4. If the sum is even, sort the copied array in descending order.
Step 5. Return the sorted copied array."
How can we create a function that encrypts a given string by rotating the alphabet in a specific manner?,"How to solve:
Step 1. Create a variable to store the encrypted string.
Step 2. Iterate through each character in the input string.
    -If the character is a letter, shift it down by two multiplied by two places in the alphabet.
    -Add the shifted character to the encrypted string.
    -If the character is not a letter, add it to the encrypted string as is.
Step 3. Return the encrypted string."
"How can we create a function that returns the second smallest element from a list of integers, and returns None if there is no such element?","How to solve:
Step 1. Initialize a variable smallest as None and second_smallest as None.
Step 2. Iterate through the list.
    -If smallest is None or current element is smaller than smallest, update smallest and second_smallest accordingly.
    -If current element is smaller than second_smallest, update second_smallest.
Step 3. Return second_smallest."
"Can you provide a function that counts the number of sentences starting with the word ""I"" in a given string of words?","How to solve:
Step 1. Initialize a counter for boredoms as 0.
Step 2. Split the string into sentences using delimiters '.' '?' and '!'.
Step 3. Iterate through each sentence.
    -If the sentence starts with the word ""I"", increment the boredom counter.
Step 4. Return the boredom counter."
"Can you create a function that checks if one of three numbers is equal to the sum of the other two, and all numbers are integers?","How to solve:
Step 1. Check if all three numbers are integers.
    -If not, return False.
Step 2. Check if any of the numbers is equal to the sum of the other two.
    -If yes, return True.
    -If no, return False."
How can we create a function that swaps the case of all letters and replaces vowels with the letter that appears 2 places ahead in the English alphabet?,"How to solve:
Step 1. Initialize an empty string called encoded_message.
Step 2. Iterate through each character in the message.
    -If the character is a letter, swap its case and add it to encoded_message.
    -If the character is a vowel, find the letter that appears 2 places ahead of it in the English alphabet and add it to encoded_message.
    -If the character is not a letter, add it to encoded_message as is.
Step 3. Return the encoded_message."
How can I find the sum of the digits of the largest prime value in a list of integers?,"How to solve:
Step 1. Initialize a variable max_prime as 0.
Step 2. Iterate through the list.
    -Check if the current number is prime.
    -If it is prime and greater than max_prime, update max_prime.
Step 3. Convert max_prime to a string and iterate through its digits.
    -Sum the digits.
Step 4. Return the sum of the digits."
"How can we create a function that checks if all keys in a dictionary are either all lowercase strings or all uppercase strings, returning True if they are and False if they are not? The function should also return False if the dictionary is empty.","How to solve:
Step 1. Check if the dictionary is empty. If it is, return False.
Step 2. Initialize a variable `lower_case` as True and `upper_case` as True.
Step 3. Iterate through the keys of the dictionary.
    - If any key is not a string or is not in lower case, set `lower_case` to False.
    - If any key is not a string or is not in upper case, set `upper_case` to False.
Step 4. If `lower_case` is True or `upper_case` is True, return True. Otherwise, return False."
How can we create a function that generates an array of prime numbers less than a given non-negative integer n?,"How to solve:
Step 1. Initialize an empty list to store prime numbers.
Step 2. Iterate through numbers from 2 to n.
    -Check if the number is prime.
        -If it is prime, add it to the list.
Step 3. Return the list of prime numbers."
Please complete the function that takes two integers and returns the product of their unit digits.,"How to solve:
Step 1. Get the unit digit of integer a.
Step 2. Get the unit digit of integer b.
Step 3. Multiply the unit digits.
Step 4. Return the product."
How can we count the number of uppercase vowels in even indices of a given string s?,"How to solve:
Step 1. Initialize a variable count as 0.
Step 2. Iterate through the string s using a for loop with index.
    -If the index is even and the character is an uppercase vowel, increment count by 1.
Step 3. Return count."
"How can a function be created that takes a string value representing a number and returns the closest integer to it, rounding away from zero if the number is equidistant from two integers?","How to solve:
Step 1. Convert the input value to a float.
Step 2. Get the absolute difference between the input value and the floor of the input value.
Step 3. Get the absolute difference between the input value and the ceiling of the input value.
Step 4. If the difference between the input value and the floor is less than or equal to the difference between the input value and the ceiling, return the floor as the closest integer.
Step 5. Otherwise, return the ceiling as the closest integer."
How can we create a pile of stones with varying levels based on a given positive integer n?,"How to solve:
Step 1. Initialize an empty list to store the number of stones in each level.
Step 2. Iterate from 1 to n (inclusive).
    -If i is odd, append i to the list.
    -If i is even, append i+1 to the list.
Step 3. Return the list of stones in each level."
Can you provide a function that takes a string of words separated by commas or spaces and returns an array of the words?,"How to solve:
Step 1. Split the input string by commas or spaces to get a list of words.
Step 2. Return the list of words."
"How can we create a function that takes two positive numbers x and y and returns the largest even integer within the range [x, y] inclusive? If there is no even integer in that range, what should the function return?","How to solve:
Step 1. Initialize a variable max_even as -1.
Step 2. Iterate through the range from x to y (inclusive).
    -If the current number is even and greater than max_even, update max_even.
Step 3. Return max_even."
"How can we calculate the average of a range of positive integers from n to m, round it to the nearest integer, and convert it to binary? If n is greater than m, what should be returned?","How to solve:
Step 1. If n > m, return -1.
Step 2. Compute the average of the integers from n through m.
Step 3. Round the average to the nearest integer.
Step 4. Convert the rounded average to binary.
Step 5. Return the binary representation of the rounded average."
How can we create a function that takes a list of positive integers and returns a sorted list of elements that do not contain any even digits?,"How to solve:
Step 1. Initialize an empty list called ""result"".
Step 2. Iterate through each element in the input list ""x"".
    - Convert the element to a string.
    - Check if any digit in the string is even.
    - If no digit is even, append the element to the ""result"" list.
Step 3. Sort the ""result"" list in increasing order.
Step 4. Return the ""result"" list."
"How can we sort and reverse an array of integers between 1 and 9 inclusive, and then replace each digit with its corresponding name from ""One"" to ""Nine""?","How to solve:
Step 1. Filter the array to only include integers between 1 and 9 inclusive.
Step 2. Sort the filtered array in ascending order.
Step 3. Reverse the sorted array.
Step 4. Create a dictionary mapping each digit to its corresponding name.
Step 5. Replace each digit in the reversed array with its corresponding name using the dictionary.
Step 6. Return the modified array."
"Please implement a function called f(n) that takes a parameter n and returns a list of size n. The value of the element at index i should be the factorial of i if i is even, or the sum of numbers from 1 to i if i is odd. The index i starts from 1.","How to solve:
Step 1. Initialize an empty list.
Step 2. Iterate from 1 to n.
    -If i is even, calculate the factorial of i and append it to the list.
    -If i is odd, calculate the sum of numbers from 1 to i and append it to the list.
Step 3. Return the list."
"How can we create a function that returns a tuple containing the count of even and odd integer palindromes within the range of 1 to n, where n is a positive integer between 1 and 1000?","How to solve:
Step 1. Initialize count of even palindromes and odd palindromes as 0.
Step 2. Iterate through the range from 1 to n (inclusive).
    - Check if the number is a palindrome.
    - If the number is a palindrome, check if it is even or odd.
    - Increment the count of even or odd palindromes accordingly.
Step 3. Return the tuple with the count of even and odd palindromes."
How can we create a function that counts the number of elements in an array of integers where the sum of the digits is greater than 0?,"How to solve:
Step 1. Initialize a variable count as 0.
Step 2. Iterate through each element in the array.
    -Convert the element to a string.
    -If the element is negative, remove the first character.
    -Calculate the sum of the digits in the element.
    -If the sum is greater than 0, increment count by 1.
Step 3. Return count."
How can we determine if it is possible to sort an array in non-decreasing order by performing right shift operations?,"How to solve:
Step 1. Check if the given array is empty. If it is, return True.
Step 2. Iterate through the array.
    -Check if the current element is greater than the next element.
        -If it is, return False.
Step 3. Return True."
How can we determine if it is possible to exchange elements between two lists of numbers to make one list contain only even numbers?,"How to solve:
Step 1. Initialize a variable count as 0.
Step 2. Iterate through lst1.
    -If the element is odd, increment count by 1.
Step 3. If count is odd, return ""NO"".
Step 4. Return ""YES""."
How can I create a function in Python that takes a string of lowercase letters separated by spaces and returns a dictionary with the letters that have the highest frequency and their corresponding counts?,"How to solve:
Step 1. Initialize an empty dictionary to store the count of each letter.
Step 2. Split the input string into a list of letters.
Step 3. Iterate through the list of letters.
    -If the letter is not already in the dictionary, add it with a count of 1.
    -If the letter is already in the dictionary, increment its count by 1.
Step 4. Find the maximum count in the dictionary.
Step 5. Create a new dictionary to store the letters with the maximum count.
Step 6. Iterate through the original dictionary.
    -If the count of a letter is equal to the maximum count, add it to the new dictionary.
Step 7. Return the new dictionary."
"How can we create a function that takes two strings as input, deletes all characters in the first string that are also in the second string, and then checks if the resulting string is a palindrome?","How to solve:
Step 1. Initialize an empty string called ""result"".
Step 2. Iterate through each character in s.
    -If the character is not in c, add it to ""result"".
Step 3. Check if ""result"" is equal to its reverse.
    -If it is, return (result, True).
    -If it is not, return (result, False)."
How can we create a function that takes a list of strings containing only digits and returns a list where each element represents the number of odd digits in the corresponding string from the input list?,"How to solve:
Step 1. Initialize an empty list called ""result"".
Step 2. Iterate through each string in the input list.
    - Initialize a variable called ""count"" as 0.
    - Iterate through each character in the string.
        - If the character is an odd digit, increment ""count"" by 1.
    - Append ""count"" to the ""result"" list.
Step 3. Return the ""result"" list."
How can we find the minimum sum of any non-empty sub-array in an array of integers?,"How to solve:
Step 1. Initialize min_sum as infinity.
Step 2. Iterate through all possible sub-arrays of nums.
    -Calculate the sum of the current sub-array.
    -If the sum is less than min_sum, update min_sum.
Step 3. Return min_sum."
How can we determine the number of times the buckets need to be lowered in order to empty the wells in a rectangular grid with a given capacity for each bucket?,"How to solve:
Step 1. Initialize a variable ""count"" as 0 to keep track of the number of times the buckets are lowered.
Step 2. Iterate through each row in the grid.
    - For each row, calculate the total amount of water in the row by summing up the values.
    - Calculate the number of times the buckets need to be lowered to empty the row by dividing the total amount of water by the capacity of the buckets and rounding up to the nearest integer.
    - Add the number of times the buckets need to be lowered for the row to the count.
Step 3. Return the count."
"Can you provide a function that sorts an array of non-negative integers based on the number of ones in their binary representation in ascending order, and for similar number of ones, sort based on decimal value?","How to solve:
Step 1. Create a helper function that counts the number of ones in the binary representation of a number.
Step 2. Sort the array based on the number of ones in each element's binary representation.
    -If two elements have the same number of ones, sort based on their decimal value.
Step 3. Return the sorted array."
"How can you create a function that returns a list of words from a given string that have a specific number of consonants, in the order they appear in the string?","How to solve:
Step 1. Initialize an empty list called ""result"".
Step 2. If the string s is empty, return an empty list.
Step 3. Split the string s into a list of words.
Step 4. Iterate through each word in the list of words.
    - Initialize a variable called ""consonant_count"" as 0.
    - Iterate through each character in the word.
        - If the character is a consonant, increment ""consonant_count"" by 1.
    - If ""consonant_count"" is equal to n, append the word to the ""result"" list.
Step 5. Return the ""result"" list."
"How can we find the closest vowel that is located between two consonants from the right side of a given word (case sensitive), excluding vowels at the beginning and end of the word? Return an empty string if no such vowel is found.","How to solve:
Step 1. Initialize a variable ""closest_vowel"" as an empty string.
Step 2. Iterate through the characters in the word starting from the second last character.
    - If the current character is a consonant and the next character is a vowel and the character after the next character is a consonant, update ""closest_vowel"" to be the next character.
Step 3. Return ""closest_vowel""."
How can we determine if it is possible to concatenate two strings of open and close parentheses in a way that results in a balanced string?,"How to solve:
Step 1. Initialize a variable count as 0.
Step 2. Iterate through each character in the first string.
    -If the character is '(', increment count by 1.
    -If the character is ')', decrement count by 1.
    -If count becomes negative, return 'No'.
Step 3. Iterate through each character in the second string.
    -If the character is '(', increment count by 1.
    -If the character is ')', decrement count by 1.
    -If count becomes negative, return 'No'.
Step 4. If count is 0, return 'Yes'. Otherwise, return 'No'."
How can we create a function that returns a sorted list of the maximum k numbers from an array of integers?,"How to solve:
Step 1. Sort the array arr in descending order.
Step 2. Return the first k elements of the sorted array."
How can we find the sum of all odd elements in even positions in a non-empty list of integers?,"How to solve:
Step 1. Initialize a variable sum as 0.
Step 2. Iterate through the list using a for loop.
    -Check if the index of the current element is even.
    -If it is, check if the element is odd.
    -If it is, add the element to the sum.
Step 3. Return the sum."
How can we calculate the sum of elements with at most two digits from the first k elements of a given non-empty array of integers?,"How to solve:
Step 1. Initialize a variable sum as 0.
Step 2. Iterate through the first k elements of arr.
    -If the element has at most two digits, add it to sum.
Step 3. Return sum."
Can you explain the Collatz conjecture and how it relates to generating a sorted list of odd numbers in a sequence?,"How to solve:
Step 1. Initialize an empty list called ""collatz_seq"".
Step 2. Add n to collatz_seq.
Step 3. While n is not equal to 1, do the following:
    -If n is even, update n to n divided by 2.
    -If n is odd, update n to 3 times n plus 1.
    -Add n to collatz_seq.
Step 4. Filter collatz_seq to keep only the odd numbers.
Step 5. Sort the filtered collatz_seq in increasing order.
Step 6. Return the sorted filtered collatz_seq."
Please write a function that validates a given date string to determine if it meets the specified criteria.,"How to solve:
Step 1. Check if the date string is empty. If it is, return False.
Step 2. Split the date string into month, day, and year.
Step 3. Check if the month is between 1 and 12. If it is not, return False.
Step 4. Check if the day is valid based on the month:
    - If the month is 1, 3, 5, 7, 8, 10, or 12, the day should be between 1 and 31.
    - If the month is 4, 6, 9, or 11, the day should be between 1 and 30.
    - If the month is 2, the day should be between 1 and 29.
    - If the day is not valid, return False.
Step 5. Check if the year is a valid 4-digit number. If it is not, return False.
Step 6. Check if the date is in the format mm-dd-yyyy. If it is not, return False.
Step 7. If all the checks pass, return True."
How can we modify the function to handle cases where there are no whitespaces or commas in the text?,"How to solve:
Step 1. Check if there are any whitespaces in the text.
    -If yes, split the text on whitespaces and return the list of words.
Step 2. Check if there are any commas in the text.
    -If yes, split the text on commas and return the list of words.
Step 3. Count the number of lower-case letters with odd order in the alphabet.
    -Return the count."
"How can we determine if a list of numbers is sorted in ascending order, considering that there are no negative numbers and only integers, and if there are more than one duplicate of the same number, return False?","How to solve:
Step 1. Iterate through the list starting from the second element.
Step 2. Check if the current element is less than or equal to the previous element.
    -If true, return False.
Step 3. Return True."
How can we determine if the length of the intersection of two given closed intervals is a prime number?,"How to solve:
Step 1. Find the start and end points of the intersection by taking the maximum of the start points and the minimum of the end points.
Step 2. Calculate the length of the intersection by subtracting the start point from the end point.
Step 3. Check if the length of the intersection is a prime number.
    -If it is, return ""YES"".
    -If it is not, return ""NO"".
Step 4. If the two intervals don't intersect, return ""NO""."
"How can we calculate the sum of magnitudes of integers in an array multiplied by the product of their signs, represented by 1, -1, or 0? Remember to return None for an empty array.","How to solve:
Step 1. Check if the array is empty. If it is, return None.
Step 2. Initialize a variable ""product"" as 1 to keep track of the product of all signs.
Step 3. Initialize a variable ""sum"" as 0 to keep track of the sum of magnitudes.
Step 4. Iterate through the array.
    - Multiply the product by the sign of each number (1, -1, or 0).
    - Add the magnitude of each number to the sum.
Step 5. Return the product multiplied by the sum."
"How can I find the minimum path of length k in a grid with N rows and N columns, where each cell contains a unique value from 1 to N*N, without going off the grid?","How to solve:
Step 1. Initialize a list to store the values on the cells of the minimum path.
Step 2. Iterate through each cell in the grid.
    -If the value of the current cell is 1, add it to the list and break the loop.
Step 3. Iterate k-1 times.
    -Find the neighboring cell with the smallest value that is not in the list.
    -Add the value of the neighboring cell to the list.
Step 4. Return the list of values on the cells of the minimum path."
Can you explain the Tribonacci sequence and provide an example of how it works?,"How to solve:
Step 1. Initialize a list called ""tribonacci"" with the first two numbers of the Tribonacci sequence: [3, 1].
Step 2. If n is less than 2, return the sublist of tribonacci from index 0 to n.
Step 3. Iterate from index 2 to n.
    -If the current index is even, calculate the Tribonacci number using the formula tri(n) = 1 + n / 2 and append it to tribonacci.
    -If the current index is odd, calculate the Tribonacci number using the formula tri(n) = tri(n - 1) + tri(n - 2) + tri(n + 1) and append it to tribonacci.
Step 4. Return the sublist of tribonacci from index 0 to n."
"How can we calculate the product of the odd digits in a positive integer n, and what should be returned if all digits are even?","How to solve:
Step 1. Initialize product as 1.
Step 2. Convert n to a string.
Step 3. Iterate through each character in the string.
    -Convert the character to an integer.
    -If the integer is odd, multiply it with the product.
Step 4. If the product is still 1, return 0. Otherwise, return the product."
Can you create a function that takes a string as input containing only square brackets and returns True if there is a valid subsequence of brackets where at least one bracket is nested?,"How to solve:
Step 1. Initialize a stack to store opening brackets.
Step 2. Iterate through the characters in the string.
    -If the character is an opening bracket, push it onto the stack.
    -If the character is a closing bracket, check if the stack is empty. If it is, return False.
    -If the stack is not empty, pop the top element from the stack.
Step 3. After iterating through all the characters, check if the stack is empty. If it is, return False.
Step 4. If the stack is not empty, return True."
"How can we calculate the sum of squared numbers in a list, rounding each element to the nearest integer before squaring it?","How to solve:
Step 1. Initialize a variable sum_squares as 0.
Step 2. Iterate through each element in the list.
    -Round the element to the upper integer.
    -Square the rounded element.
    -Add the squared element to sum_squares.
Step 3. Return sum_squares."
Can you create a function that checks if the last character of a given string is an alphabetical character and not part of a word?,"How to solve:
Step 1. Get the last character of the given string.
Step 2. Check if the last character is an alphabetical character.
    -If not, return False.
Step 3. Check if the last character is a part of a word.
    -If it is, return False.
Step 4. Return True."
"Please create a function that returns the largest index of an element that is not greater than the element immediately before it in a given array. If no such element exists, return -1. The array will not have any duplicate values.","How to solve:
Step 1. Initialize a variable max_index as -1.
Step 2. Iterate through the array starting from the second element.
    -If the current element is not greater than or equal to the element preceding it, update max_index to the index of the current element.
Step 3. Return max_index."
"Can you create a function that returns a tuple (a, b), where 'a' represents the largest negative integer and 'b' represents the smallest positive integer in a list? If there are no negative or positive integers, can you return None for both values?","How to solve:
Step 1. Initialize variables 'largest_neg' and 'smallest_pos' as None.
Step 2. Iterate through the list.
    -If the current element is negative and larger than 'largest_neg', update 'largest_neg'.
    -If the current element is positive and smaller than 'smallest_pos', update 'smallest_pos'.
Step 3. Return the tuple (largest_neg, smallest_pos)."
"Can you create a function that compares two variables (integers, floats, or strings representing real numbers) and returns the larger variable in its given variable type? Return None if the values are equal. Note that if a real number is represented as a string, the floating point might be . or ,.","How to solve:
Step 1. Compare the values of a and b.
Step 2. If a is greater than b, return a.
Step 3. If b is greater than a, return b.
Step 4. If a and b are equal, return None."
How can we determine if a given number n can be expressed as the sum of exactly 4 positive even numbers?,"How to solve:
Step 1. Initialize a counter variable to 0.
Step 2. Iterate through all possible combinations of 4 positive even numbers.
    -If the sum of the 4 numbers is equal to n, increment the counter.
Step 3. If the counter is greater than 0, return True. Otherwise, return False."
Can you explain the concept of Brazilian factorial and how it is calculated for a given integer greater than 0?,"How to solve:
Step 1. Initialize a variable ""result"" as 1.
Step 2. Iterate from n to 1.
    - Multiply ""result"" by the factorial of the current number.
Step 3. Return ""result""."
How can we modify a string to replace spaces with underscores and replace more than 2 consecutive spaces with a hyphen?,"How to solve:
Step 1. Initialize an empty string called ""result"".
Step 2. Iterate through each character in the input string ""text"".
    -If the character is a space:
        -If the previous character in ""result"" is also a space, replace the consecutive spaces with ""-"".
        -Otherwise, replace the space with an underscore ""_"".
    -If the character is not a space, append it to ""result"".
Step 3. Return the final value of ""result""."
"Create a function that checks if a given file name is valid based on specific criteria. The function should return 'Yes' if the file name meets all the conditions listed, and 'No' if it does not. The conditions include: having no more than three digits, containing exactly one dot, starting with a letter from the Latin alphabet before the dot, and ending with one of the following: 'txt', 'exe', 'dll'.","How to solve:
Step 1. Check if the file name contains more than three digits. If it does, return 'No'.
Step 2. Check if the file name contains exactly one dot. If it doesn't, return 'No'.
Step 3. Split the file name into two parts: the substring before the dot and the substring after the dot.
Step 4. Check if the substring before the dot is empty or doesn't start with a letter from the latin alphabet. If it does, return 'No'.
Step 5. Check if the substring after the dot is not one of ['txt', 'exe', 'dll']. If it isn't, return 'No'.
Step 6. If all conditions are met, return 'Yes'."
"Can you provide a function that takes a list of integers and performs different operations on the elements based on their index, then returns the sum of all elements?","How to solve:
Step 1. Initialize a variable sum as 0.
Step 2. Iterate through the list using index.
    - If the index is a multiple of 3, square the integer entry and add it to sum.
    - If the index is a multiple of 4 and not a multiple of 3, cube the integer entry and add it to sum.
    - Otherwise, do not change the entry.
Step 3. Return the sum."
How can I extract words from a sentence that have prime lengths while maintaining the original order of the words?,"How to solve:
Step 1. Split the sentence into a list of words.
Step 2. Initialize an empty list to store the words with prime lengths.
Step 3. Iterate through the list of words.
    - Check if the length of the word is a prime number.
    - If it is, add the word to the list of words with prime lengths.
Step 4. Join the list of words with prime lengths into a string using a space as the separator.
Step 5. Return the resulting string."
"Please implement a function that simplifies the expression x * n. The function should return True if x * n evaluates to a whole number and False otherwise. Both x and n are represented as fractions in the format <numerator>/<denominator>, where both numerator and denominator are positive whole numbers. You can assume that x and n are valid fractions and do not have zero as the denominator.","How to solve:
Step 1. Convert x and n to fractions.
Step 2. Multiply x and n.
Step 3. Check if the result is a whole number.
    -If it is, return True.
    -If it is not, return False."
"Please write a function that sorts a list of integers in ascending order based on the sum of their digits. If there are multiple integers with the same sum of digits, please order them based on their original index in the list.","How to solve:
Step 1. Define a function order_by_points that takes a list of integers as input.
Step 2. Create a helper function get_sum_of_digits that takes an integer as input and returns the sum of its digits.
Step 3. Use the sorted() function to sort the list of integers based on the sum of their digits.
    -The key parameter of the sorted() function should be set to the get_sum_of_digits function.
    -To handle ties, use a lambda function as the second parameter of the sorted() function to sort based on the index of the original list.
Step 4. Return the sorted list."
Please write a function that takes an array of numbers as input and returns the count of elements in the array that are greater than 10 and have odd first and last digits.,"How to solve:
Step 1. Initialize a variable count as 0.
Step 2. Iterate through each number in the input array.
    -Check if the number is greater than 10 and if the first and last digits are odd.
    -If both conditions are true, increment count by 1.
Step 3. Return the value of count."
"How can we create an integer array based on a given positive integer n, where each element is calculated using a specific formula?","How to solve:
Step 1. Initialize a counter variable to 0.
Step 2. Create an empty list called ""a"".
Step 3. Iterate from 1 to n (inclusive) using a variable ""i"".
    - Calculate the value of a[i] using the formula i * i - i + 1.
Step 4. Iterate through all possible combinations of i, j, and k where i < j < k.
    - Calculate the sum of a[i], a[j], and a[k].
    - If the sum is divisible by 3, increment the counter variable.
Step 5. Return the value of the counter variable."
"How can we create a function that returns a tuple of planets located between two given planets in our solar system, sorted by their proximity to the sun? The function should handle cases where incorrect planet names are provided.","How to solve:
Step 1. Create a dictionary mapping planet names to their order in the solar system.
Step 2. Check if planet1 and planet2 are valid planet names by checking if they exist in the dictionary.
    -If not, return an empty tuple.
Step 3. Get the order of planet1 and planet2 from the dictionary.
Step 4. Create an empty list to store the planets between planet1 and planet2.
Step 5. Iterate through the dictionary and check if the order of the planet is between the order of planet1 and planet2.
    -If so, add the planet to the list.
Step 6. Sort the list of planets by their order.
Step 7. Return the sorted list as a tuple."
"Write a function that accepts a list of strings as a parameter, removes the strings with odd lengths, and returns the resulting list in ascending order by length of each word. If two words have the same length, sort the list alphabetically. The function should return a list of strings in sorted order.","How to solve:
Step 1. Create an empty list called ""result"".
Step 2. Iterate through each word in the input list.
    -If the length of the word is even, add it to the ""result"" list.
Step 3. Sort the ""result"" list by length of each word, and then alphabetically.
Step 4. Return the sorted ""result"" list."
How can we modify the function x_or_y to return the value of x if n is a prime number and the value of y otherwise?,"How to solve:
Step 1. Check if n is a prime number.
Step 2. If n is a prime number, return x.
Step 3. If n is not a prime number, return y."
"How can we modify the function to return the sum of squares of odd numbers in a list, excluding negative numbers and non-integers, with a return value of 0 for an empty list?","How to solve:
Step 1. Initialize a variable sum_squares as 0.
Step 2. Iterate through the elements in the list.
    -If the element is not a negative number and is an integer, and it is odd, square it and add it to sum_squares.
Step 3. Return sum_squares. If the list is empty, return 0."
How can we compare the results of a number of matches to determine how accurate a person's guesses were?,"How to solve:
Step 1. Initialize an empty list to store the differences between guesses and scores.
Step 2. Iterate through the game and guess arrays simultaneously.
    -Calculate the absolute difference between the guess and the score.
    -Append the difference to the list.
Step 3. Return the list of differences."
"How can we determine the strongest extension for a given class and list of extensions, based on the number of uppercase and lowercase letters in the extension's name?","How to solve:
Step 1. Initialize strongest_extension_name as an empty string.
Step 2. Initialize strongest_extension_strength as None.
Step 3. Iterate through each extension in the list of extensions.
    - Calculate the strength of the extension using the formula CAP - SM, where CAP is the number of uppercase letters and SM is the number of lowercase letters in the extension's name.
    - If strongest_extension_strength is None or the current extension's strength is greater than strongest_extension_strength, update strongest_extension_name and strongest_extension_strength with the current extension's name and strength.
Step 4. Return the string in the format ClassName.StrongestExtensionName."
How can we determine if the second word or any of its rotations is a substring in the first word?,"How to solve:
Step 1. Iterate through each character in the second word.
Step 2. Create a new string by rotating the second word.
Step 3. Check if the rotated word is a substring in the first word.
    -If yes, return True.
Step 4. If no rotations of the second word are substrings in the first word, return False."
How can we create a function that takes an integer as input and returns a tuple with the count of even and odd digits in the number?,"How to solve:
Step 1. Initialize even_count and odd_count as 0.
Step 2. Convert the integer to a string.
Step 3. Iterate through each character in the string.
    -If the character is a digit and is divisible by 2, increment even_count by 1.
    -Otherwise, increment odd_count by 1.
Step 4. Return a tuple with even_count and odd_count."
"How can we convert a positive integer into its lowercase Roman numeral equivalent as a string, with the restriction that the number is between 1 and 1000?","How to solve:
Step 1. Create a dictionary to map the integer values to their corresponding roman numerals.
Step 2. Initialize an empty string to store the roman numeral representation.
Step 3. Iterate through the dictionary in descending order of the integer values.
    -While the number is greater than or equal to the current integer value, subtract the value from the number and append the corresponding roman numeral to the string.
Step 4. Return the lowercase string."
Can you provide a function that determines if the given lengths of three sides form a right-angled triangle?,"How to solve:
Step 1. Check if any of the three sides is equal to 0. If so, return False.
Step 2. Sort the three sides in ascending order.
Step 3. Check if the square of the smallest side plus the square of the second smallest side is equal to the square of the largest side. If so, return True. Otherwise, return False."
"How can we write a function that accepts a list of strings and returns the word with the most unique characters? If multiple strings have the same number of unique characters, how do we determine which one to return?","How to solve:
Step 1. Initialize a variable max_unique_chars to 0 and a variable max_word to an empty string.
Step 2. Iterate through each word in the list.
    - Initialize a set unique_chars to store unique characters in the current word.
    - If the length of unique_chars is greater than max_unique_chars, update max_unique_chars to the length of unique_chars and max_word to the current word.
    - If the length of unique_chars is equal to max_unique_chars and the current word is lexicographically smaller than max_word, update max_word to the current word.
Step 3. Return max_word."
How can we modify the eat function to ensure that the hungry rabbit eats the required number of carrots for the day's meals and returns the total number of eaten carrots and the number of carrots left after the meals?,"How to solve:
Step 1. Initialize total_eaten_carrots as number.
Step 2. Calculate remaining_carrots by subtracting need from remaining.
Step 3. If remaining_carrots is less than 0, set remaining_carrots to 0.
Step 4. Add remaining_carrots to total_eaten_carrots.
Step 5. Return [total_eaten_carrots, remaining_carrots]."
"How can we use two lists, one containing basic algebra operations and the other containing integers, to build an algebraic expression and evaluate it?","How to solve:
Step 1. Initialize the expression as the first operand.
Step 2. Iterate through the operator list.
    - Apply the corresponding operation to the expression and the next operand.
Step 3. Return the evaluation of the expression."
"Can you provide a function that takes a string as input and reverses the case of any letters in the string, while keeping non-letter characters unchanged? If the string has no letters, can you reverse the entire string instead?","How to solve:
Step 1. Initialize an empty string called ""result"".
Step 2. Initialize a boolean variable called ""has_letter"" as False.
Step 3. Iterate through each character in the string ""s"".
    -If the character is a letter, reverse its case and append it to ""result"".
    -If the character is not a letter, append it to ""result"" as it is.
    -If the character is a letter, set ""has_letter"" to True.
Step 4. If ""has_letter"" is False, reverse the string ""result"".
Step 5. Return the string ""result""."
"How can we convert a given string into its MD5 hash equivalent string? If the input string is empty, what should be returned?","How to solve:
Step 1. Import the hashlib module.
Step 2. Check if the input string is empty. If it is, return None.
Step 3. Create an instance of the hashlib.md5() object.
Step 4. Encode the input string using UTF-8 encoding.
Step 5. Update the md5 object with the encoded string.
Step 6. Get the hexadecimal representation of the md5 hash using the hexdigest() method.
Step 7. Return the hexadecimal representation of the md5 hash."
"How can we create a function that returns the even digits between two positive integers a and b, in ascending order?","How to solve:
Step 1. Initialize an empty list to store the even digits.
Step 2. Iterate through the range from a to b (inclusive).
    - Convert each number to a string.
    - Iterate through each digit in the string.
        - If the digit is even, add it to the list of even digits.
Step 3. Sort the list of even digits in ascending order.
Step 4. Return the sorted list of even digits."
